pop,X
B,-0.05693231934298341
A,0.3355144442451629
A,4.260609873674442
A,2.297614527613045
C,2.0366686450763187
B,0.17782899343175515
A,1.9566992529521845
A,1.0373315027539263
C,1.380036177467297
A,0.8577309963936063
C,0.3909172836913848
B,0.7276554117041262
B,1.182032149598585
B,-1.015448320210144
C,0.7416355443789462
B,-1.5679496945568052
A,0.9378435136449575
A,0.40985132349776193
B,0.20551622471506145
A,0.16564432501088266
C,1.2363495641154967
B,-0.3689820046757833
B,-0.024949546210284116
C,0.8990832741615463
A,0.5785899484167771
C,0.7210902579542875
A,0.28069228795611273
A,1.867757380313685
C,0.2794076695083236
A,2.1269265342149737
C,2.3213177513449814
B,-0.3369175499583065
C,0.6328523346125076
C,0.9269013334870235
B,-0.4550809780729375
B,-0.7840650884866637
B,0.3530196274364901
B,0.5726259234866155
C,2.389399376674783
C,0.9249617653546134
C,0.6486289186101143
A,0.5962225395642433
A,0.4597830289749738
C,0.38572281034770445
A,1.2527186075813785
B,1.0239987626451421
A,1.1010852774324729
C,0.9478938077676885
C,27.19603431869474
C,0.21703617132098357
B,-0.06961054164903202
C,0.11170328884761282
A,1.8247448642985251
C,1.9541660590288734
C,3.4800891066366804
B,-0.4556134327099929
C,0.37767614824476614
C,1.7064000957958105
B,-0.6188112415275216
C,2.11697852493783
A,0.9906921380253821
B,0.6063915904337714
A,5.202913024204044
C,1.1384292090396948
C,3.3260966764186146
A,5.6014756940936765
C,0.29972264325573383
A,0.6069523474104563
B,-0.27843622187389966
A,1.1864741614408827
A,3.7896409549423753
C,0.8716738282865388
B,0.614778524263623
B,0.14524706878616603
C,0.5423759860593369
C,0.5477575451243794
C,1.5585108239620813
C,1.6589644248775883
B,2.3530607135068684
B,0.6499693056403306
B,-0.26323458507010755
C,0.2988486098501369
A,0.3735371362010528
A,0.524837363745404
A,2.2277509217082208
B,0.5773271330754074
C,0.3393007174654741
C,0.1431527514240667
C,2.353193006641852
A,2.3647912969267653
C,0.941296019667566
C,1.8889227391550396
C,2.0585373568532708
C,2.521583114716237
B,-1.1160795509413006
C,2.6909641409547516
B,0.4975845591819107
C,1.2284854939115215
B,0.24638528056189155
A,0.16463225307628943
C,1.074786500708855
A,0.5579144752710032
C,0.26838742683551026
C,1.028904169936342
C,0.9504372741271244
B,0.9597658191136313
B,-0.47522673777333874
B,1.5912126895905936
B,-1.9163067699605856
C,2.9045273215475915
C,2.912065990450671
A,1.0468746861984022
B,1.0453975914331126
A,0.15128679419446028
B,1.4562317274939294
C,1.3555622571798553
A,0.8883639086817755
C,0.5611601388738525
C,1.4168737391182138
A,0.755271492065665
C,4.384110242732942
B,-0.5708642302059597
A,0.7272287185782793
A,2.8701326551301207
B,0.9861492199492733
A,0.7365576457658995
A,0.1689148561239923
A,2.0138559106033944
A,3.399495798592348
C,4.528723832583236
C,1.0863052207446258
C,2.8613515939011758
B,-0.6185445484194674
C,0.5395793218139059
A,7.224547926527856
C,1.123524393674127
B,0.6225198290948463
A,3.7865066800338525
C,0.5173694540290023
B,-2.072699216029143
B,-0.7431232423555008
B,0.7445976945177083
A,1.3458911096690114
B,0.2632747369859553
B,0.5818870025126218
A,0.8536461096073125
B,0.2129125788280809
C,0.7314061654745664
C,0.29833218496853775
B,-0.8335073021577362
A,0.6444950640447432
B,0.21481354144632533
C,0.4417838919524926
B,2.122406050846628
C,1.13933855808307
A,1.0292903173707344
C,1.7258374350936057
B,-0.27253313636662424
B,-0.17500664477839298
A,3.232360398241402
A,0.09539411560212403
C,0.36436575787123177
A,0.6867234024934041
B,3.6216702463255213
B,2.235500429762258
A,0.9782594875877554
B,-0.3177202121445998
A,0.2744105777274955
B,1.0286328409610692
C,2.4516389892362764
C,1.3729386044286565
B,1.3384760553287374
C,0.6148269772536147
B,-0.35417327847966956
C,1.465576567760997
B,-0.8057878715421686
B,0.8700558342156917
C,0.8070311544330243
A,0.5887083094807629
A,0.25545046627757567
A,0.2498647722481891
C,1.6245261831585895
C,0.6799028984565044
B,1.5232681235938412
C,0.441979022079973
B,0.6480121157232939
C,0.44556177071727104
C,1.0769974387162633
A,0.6400548225176022
B,-0.019594831395415027
C,1.2271126066883544
A,0.38390777629320827
A,1.0530428488162886
A,0.2072470975933536
B,-1.3567981593215923
C,3.5880487392288973
C,0.9613979938293407
C,4.1401913175563845
A,0.6918814431343052
A,0.6965210985860554
A,0.6941392710396985
A,2.569118447923405
C,0.22089510559135833
B,1.0197736873763261
B,0.5690802983157285
B,-0.7373464795086044
C,2.5876057174352236
C,0.9158894310900115
A,3.1309473082078902
C,0.8617031226960705
A,0.14901483066387747
B,1.7986520166866669
B,0.24783421422947943
C,0.5560429490124877
C,1.3811157624423043
B,3.369114667554832
C,0.9913338988247212
C,0.7866267709861304
B,0.4730078549357755
C,2.162706241799367
A,0.8112130070276409
A,6.034514683963444
C,0.06554107608703512
C,0.6432415375538814
B,1.2835382608072317
C,0.431649597985602
C,3.2457462572003206
C,0.8097507863415793
B,0.9994059612851542
B,0.09720979812716636
B,0.47136739341660117
B,1.3407038125977937
A,3.273572297594904
A,0.753885602630328
C,0.7630522128186168
B,1.2798834823173013
A,0.7305235665593609
A,1.7231653395569277
B,-0.7573966849669453
A,0.25640841249360047
C,0.7827064660324128
B,-0.09277431046914632
C,0.3987443954973407
C,0.15708994775876642
A,1.7202385720430782
B,-0.5735074613561354
C,4.193850777030011
A,0.23069300022477837
B,0.839752994112435
C,2.831893509226298
C,1.3621759615312643
C,9.620917278971064
A,3.902548487680772
C,0.23041328487487045
A,0.5498554675868953
B,1.4609586430288344
A,0.5516736067188687
A,3.308139763085138
C,0.5056733090331569
C,3.388187269401879
A,0.1820298204829018
B,-0.05067243857148504
B,0.06890423878477195
A,1.0284863595810836
C,1.573446811288962
C,0.5780255259631737
B,-1.5726161670696364
C,2.07717648133333
A,1.699004699013771
A,0.386608440943722
A,1.3913026014667547
B,0.6077544191569763
A,0.4289783203313247
B,1.69542865400452
C,0.628861109912026
C,1.8928882618152483
B,-1.4060608001270782
C,1.9845352380162067
B,0.33664697983299763
B,-0.47527375536439626
C,2.6380606617029225
C,0.6047504993039831
C,0.3961496702941465
A,0.2889223168397165
C,1.661848707784377
C,0.8871023004492343
C,0.31043021644376134
B,-0.9624211259500608
B,-0.5397820525146518
A,0.47751637290023724
C,0.21900647508988785
C,0.4742133655340501
B,0.039274736407850744
A,5.5435908544057515
B,0.41158526201098833
A,2.106032780460018
B,1.0181690844439784
C,3.8235492424777804
B,1.3390107795569322
C,11.72803806662524
A,0.6766886464645617
A,1.807113193058468
B,0.10774846576742671
A,1.4265508394325972
A,0.4268777525934502
C,0.4285794192472683
B,-1.5890281793189887
A,1.7432210741813379
A,6.727752692101744
C,4.41392197384292
A,1.9215204335070033
C,0.30211497412887806
C,1.3534561297057823
C,1.578223066794058
B,-0.3464313412180375
C,0.1962505471878439
B,-0.392256292580925
A,0.9601248377025647
A,0.9845715498968012
A,5.0618208983702555
B,1.290436025328772
C,2.2920373155600884
A,0.9916514788480167
B,2.0523653968606856
B,-0.023934255734268155
C,4.522159482202279
A,1.2050028291170052
B,0.3664957590615442
C,1.1919110250081975
A,0.699818301411599
B,0.4940943313925799
C,2.0500490185727265
A,1.11254093085694
B,-0.06571323416926263
C,1.782960189937328
A,0.6372698000212575
A,1.4289278206890692
C,0.11713627811877053
B,0.4523056644275737
C,0.8004009277610671
C,1.5081887482152943
A,0.8205065414798935
C,1.2327098020926779
C,2.4145473657374072
C,0.3550876427520744
B,-0.8754851513623175
C,2.917587687028395
B,0.381109550236312
B,0.9379693632963232
C,0.6446351129194651
A,0.6348047963499741
C,0.7352239193765616
C,1.024434656184459
B,-0.6734217069844416
B,-0.02762820448396252
C,0.6556613099284515
A,3.7181711870042875
C,0.27713167692591983
B,-1.0329119940329414
C,0.7087812279346396
C,0.4682066563581089
B,-0.0077541271722564595
B,-0.42399379214652916
C,1.3225953864102622
B,-1.6808504845967007
A,1.3977732826172558
B,-0.7033072379458469
C,0.448072920052984
A,6.813804765279913
A,0.7537244445536468
B,0.8942394484200874
C,5.845015691685845
B,-0.6365721846044401
C,0.3580592615976263
C,6.23848689064795
A,3.99346645450955
B,0.7314997234161238
A,2.7932344389740242
A,0.44578545518026413
B,1.0512457096556624
C,0.7805870114717319
B,0.1513501448924242
B,0.7869561996157558
C,1.200167984198509
A,2.1616672056155255
A,0.5158193332838834
B,0.01661491502235202
B,1.1342504808130156
C,0.42622661139499024
B,1.6412272623899753
A,3.6170739982555196
A,0.9177259278105098
A,0.9590755505887884
B,0.4332445746638634
C,1.1426771907512894
C,4.083994804249646
B,-1.524688801302305
C,1.9065238867040228
B,-0.49916841807422135
C,2.8417668771742237
C,1.2868980032216588
C,0.37558398702371776
B,-0.3982968605298606
A,1.6181071319051537
A,0.43992639523312327
C,1.7837610802009474
C,0.17066303605161373
B,0.8734847999014268
C,1.0527176886674134
A,1.9738023682916217
A,2.705490657672678
C,0.42519290571355517
B,1.303363047668379
A,13.154817602415799
A,1.1993178249598229
A,1.7266311088193553
B,-1.3123787689833462
A,0.685451980114448
C,1.2796813924579986
A,2.6907287189933893
C,5.865162234382026
C,0.3125661075799895
A,0.6946023466661171
B,-0.08556209948258084
A,0.8717464891869834
B,-0.49711981696986723
B,-1.0316165257968068
A,1.865131714204194
B,-0.47078296852564927
A,0.5417214783742337
C,0.6047269740213324
C,0.8674543252842748
C,0.49685748831515153
B,-0.700147731233182
A,0.514861241631833
A,1.5483865041739573
C,0.2296529866837327
A,0.5293068175856773
A,8.297192008660732
B,1.0244985040938923
A,1.6089267517268142
B,-0.4096003006327972
A,0.29036731162086243
A,0.17568662143487476
B,-0.7356846144861642
A,2.912589838683056
A,0.42606869892823324
B,-0.2718854596798997
C,1.823221830859878
B,-0.3022733868673191
C,2.681567977466595
A,0.3867287182690827
B,0.22409083506348731
B,0.09053275372747219
A,1.286325386223369
C,0.7686160137947383
B,0.4963208507315572
C,1.1140865991355233
A,4.464192171418893
A,1.4008147896416916
C,4.866004401368549
C,2.3523827908591097
A,0.8631040451248442
C,0.8450180497918344
A,5.354900235159904
C,0.39180409205208383
C,1.7341108155327096
B,-0.6513764846718362
A,0.8544989626668552
A,0.44683335686788245
A,1.6268865275857716
C,0.7255778363143571
C,0.5567454276460742
B,-1.0746370542020915
B,1.9213826963489422
B,1.8341235614823717
C,0.8378230444969799
C,2.6290222514609654
C,0.9209551507459984
B,0.10377481443749532
A,2.3783521462207275
B,-0.5838278750607103
B,1.2981673256258393
C,0.7141363463247492
C,0.4819157634013219
C,6.338245557330152
A,3.8254482217579175
A,1.2227960939396958
B,0.1294850255862661
A,0.7182019314812331
C,0.07915464175068788
A,1.240621722696393
C,0.44840464411487996
C,0.5289687314402017
C,5.277938401799748
C,0.6995651484013277
C,0.7813136666927102
A,1.7160658046130348
A,0.17357002778516817
B,-0.1000431701413148
A,0.6818205055804916
B,-1.629488790301042
C,1.0715480085872275
C,0.929782721055918
B,-1.8990783888998433
B,-1.3880710433294845
A,1.458642211266617
B,-1.2538426188960183
A,3.270063386029256
B,-1.8877531208791194
B,-0.9033074082325782
A,2.1131794262467607
B,0.7642268020259196
C,1.653520958375124
B,0.2354800922611282
A,11.554647273547504
A,1.4208343103916734
A,1.2899339099149012
A,0.30114729234631626
A,1.6949742119631783
C,1.3309418638463981
C,1.3498660881787576
C,0.9892781853240273
A,0.3246438168602954
C,0.6902595913372684
C,0.7239053154398555
A,2.0864966026258256
C,2.1006896286478822
B,-0.04400652422098004
C,0.3195431491337385
A,6.690934025471738
A,1.3935291615204586
A,1.3474252842431451
B,-0.6956409579747044
B,-0.6908363117891759
C,0.33524088098901356
C,8.401250834789591
A,0.7731648944699474
C,0.7067878455351599
C,1.5342171036144707
C,2.3317003702184076
C,0.9904251515262832
A,0.23078103637533248
B,0.6080970875111044
B,0.745525025180014
B,-1.8705788455438068
A,1.093281721883738
C,2.4746944805158444
B,0.9344605129014415
A,1.2831907086412975
C,2.8591383342184677
B,-0.5421095982614582
B,-0.6342473855555485
C,4.40109494058252
B,1.361899383675624
A,4.0694421705530734
C,0.24351520572390292
B,0.9394639826580599
A,0.5570384623284199
C,2.509613488519116
A,0.3477085499580654
B,1.0325374563771246
C,0.9164478364169111
A,1.3741595487525282
C,1.1448265737876755
A,0.7600025165665981
B,0.8294585818044055
C,0.31783346055543277
C,0.25488016919722073
C,0.07656504233519766
C,0.7368935628039017
B,0.1014371768685495
B,1.1058919121746371
B,-0.346795083576399
A,0.4486359957415962
B,-0.3949331845992649
B,1.2063554663207245
B,0.12450452808274791
A,2.7813327595545356
B,0.6846749105955313
B,-0.5274204231395839
C,0.8424481827192336
C,2.7656622171498855
A,11.432997374922115
B,-0.592476853315652
A,0.1803233071428595
C,1.1532625556249778
B,1.1275711559095967
B,0.16884176708549067
C,0.8165041230690723
B,0.9417558178017268
A,1.6634828330125235
B,-1.7011561660495707
B,1.4295185574664868
C,0.32528799346352805
B,0.306542349112248
A,1.4829667725820923
C,1.1939779219740265
B,0.6605770043473239
B,0.9079961274336387
B,-0.46409757094576026
C,2.876849700802442
B,0.902667383196085
C,1.2059294025521412
A,0.8858541559383482
C,0.9472565243288409
A,0.8572884198785407
C,2.816816124445761
B,0.15121681608419288
B,-0.25656174613365296
C,0.28646967773225823
B,-0.3341363650859805
B,0.5636005447247879
B,-1.1979870123984637
B,-0.3377709673338233
C,0.5038706108455635
B,-0.5495849472575618
C,4.783871912759171
B,-0.848911667378551
B,-1.5993104144043913
A,4.50103496646594
B,0.5980352888786394
B,0.6834388243608508
B,2.138453657879467
B,-1.0524843228441287
A,3.015054652538204
C,0.264608997942743
B,0.26696231025454087
C,1.8275965115575445
C,1.634211594453894
C,0.8158078578403666
B,1.287250144513254
A,1.275188238032763
A,2.12338930686082
B,0.9839087035020907
B,0.7496925204524518
C,5.707331220812566
C,0.710491506684963
A,0.4448351993066836
B,1.506663493431832
B,0.137125849554842
B,0.8331726443422295
C,1.5869789477144451
B,-0.5171478006997011
C,0.22477933682639048
C,0.8750276122904695
B,-0.0312536407419432
A,3.240719318037787
A,2.1425207703852114
C,0.8054433219562493
A,0.25229110474607325
C,0.3870638031801244
B,-0.218299990125421
C,1.369806868738095
B,0.1727274647292398
B,0.6521682985304827
C,1.0958819272041105
C,1.0625901814764585
C,1.763749830617061
C,0.3302778440469663
B,0.3659945110402223
A,0.7806456969169622
A,0.2735918946527785
C,0.35504308870654294
C,12.402512503682317
B,0.7857578919127433
B,1.125886862998509
B,0.757087202738146
C,0.3772199734891508
B,-2.2578909689544235
A,0.3327954281820378
A,5.932350816930057
C,3.2466619802324512
C,1.628579220561038
C,0.6677308540138025
C,0.7489605901402774
A,2.2500578455417912
A,1.473539543649485
C,0.11292888739613698
B,-0.5064321325975023
B,-1.4997308265925273
A,0.8065711329158585
B,0.5156701740583883
A,5.711011771057156
B,-0.11403837134270015
B,-0.8290251344024078
C,0.48729160474457395
A,0.48871037771161946
A,0.797346785090743
B,0.8032676353874533
B,-0.7033722236944371
C,0.758581162758129
A,6.80900331506198
A,0.9532976203357842
B,0.9536374469967189
B,-2.1135404629106844
A,2.023903157034473
C,1.2759334492987056
A,2.7054840539527407
C,0.5800530659810922
C,0.917771461777865
B,0.7985762642900774
C,0.19365451631238995
A,6.032245550600819
A,0.5545396818476627
C,0.4716734776976673
C,0.687480575246246
A,2.8465865091344438
C,4.144125556304731
B,0.3360558711374844
A,0.519135731495609
A,1.2309128880286033
B,1.121219171529661
B,-0.28596609950811663
C,0.5300334384777312
C,0.7663577160337516
B,-0.33303409407483536
B,0.22763247652785443
A,0.44616912182398616
C,7.709951330098122
C,1.862898258957714
C,0.21207139722420806
C,0.30530720152055435
B,-0.2777981856286355
C,0.5624287304434498
C,2.6480001034258107
C,2.5475289527169065
C,1.715613476882697
B,0.08851198195606876
B,-0.3457328254613746
B,-1.7137943433593348
C,0.802638246696782
A,0.49313114916582196
B,-0.338523657288956
B,-0.19695783168827913
B,-0.6253302989324283
C,1.4938877081436672
B,1.2934941996040143
B,0.45343434845344727
A,2.138881301910044
B,0.4319510964347264
C,1.9436507592046606
A,1.0727360909145491
B,-0.9558760225852176
C,1.3342045469001949
A,2.6834052308407066
A,1.601791069993387
C,1.11411061917566
B,-0.569171414329642
B,-1.701513535688309
A,5.250961849897999
A,2.2082616244419824
A,0.43902143887986
C,1.0165706269331005
B,-0.5694778442533284
C,1.5053639137999808
B,-1.4477060372252608
C,5.002915168051955
C,2.8051906884770146
C,0.5723127807307339
B,1.6108009628259758
C,0.3705065417369022
C,0.6050877411596616
B,1.1046503954225013
C,0.20583551164592895
C,0.4003900704086848
C,1.4893357539223322
C,1.0303471459299498
B,1.7075875053026777
C,1.05391987061226
B,-0.6214421293820956
C,0.7181593693924158
A,0.3592071377776249
B,-0.6042961409085417
B,-0.44209328966696787
B,-0.3315778913439423
B,2.347714813488354
C,0.5880890264518063
A,3.5475467909646787
A,1.7055791942274006
B,-0.020335026520845872
B,-0.20978845504992624
B,0.7920437444970818
A,0.8597503567137362
A,0.2695758199725686
B,1.5722104504350072
B,2.0464654497999644
C,1.1843509043364067
C,0.3559571240595628
C,1.1464775692496527
B,0.3288183793255904
A,0.9911830970554462
B,-0.21054481354719365
B,1.2269754884001167
C,1.037803602681855
C,2.0218405175321577
B,2.032289885499488
C,0.8409303625289852
C,0.3488526823694549
A,0.264077637481362
B,0.6730047017330765
C,0.8253492269072822
B,1.5871359153174471
C,0.3386801295052689
C,0.5853983478321902
A,0.7616387845740049
A,1.217280947366978
A,1.574238787770214
B,-2.008226706963111
C,5.176719595242625
B,-0.42019843175000987
B,0.3731104457524029
C,5.83176793626883
A,0.7551939162574902
C,0.26305683320391166
B,-0.6483412196602476
C,1.8803467154982585
C,0.8827877009169101
C,0.5700967962894641
C,0.5593186423429214
C,0.4181999977124509
C,0.4107754438820472
C,0.44778748543546915
A,8.242887534306995
B,0.7631147647557068
A,0.5909712982219956
C,0.5388078995247492
B,0.4429023024323025
A,0.4101870167101519
A,0.5074015701819689
B,-0.8905604899429957
B,-0.2418128237775517
C,2.5936890336285154
A,0.32803899103638495
B,-1.9692445610185523
B,-0.4147845132896935
A,0.770554911030624
B,1.4691745539491639
B,-0.061215617666246044
A,1.1880369130528212
A,3.2438556873006674
A,1.3600998426961142
B,0.07532679715325992
C,0.9146651490714579
B,0.12165282691374597
A,1.9324377032533895
B,1.7708185503684173
C,4.251550305054366
C,1.6154373797313164
C,1.5874812684659265
C,0.6568581641589558
C,0.5143131076368592
C,0.8558746741338101
A,0.31689374907460377
A,0.47756071804172423
A,1.5739589331100214
B,-0.08734078422642197
B,-1.0560883550160836
C,0.19710117353418902
C,5.307314930132257
A,0.7569265214034274
A,1.4084972154537354
A,3.2586984022063326
B,2.2469194060604014
B,-1.2166623245743595
A,3.553195523674759
A,0.7173846360156346
A,1.9454573718971129
C,0.40498429251687945
C,0.3370946380869845
C,2.860753290759814
A,2.1659424020902183
C,3.3306211851207315
A,0.7100944995461528
C,0.5865520975696167
A,0.5345743523450093
B,-0.6092900810260038
B,-0.7405214358396718
B,-0.8428785887520142
B,-0.07902795294417203
B,0.039550111110555904
C,1.3675158282192392
A,0.3169420523652371
B,-1.6057231527403435
B,-0.3684008194375394
B,0.0667130753715884
C,0.5119323563559434
A,1.6183219443978556
A,0.7544908817590883
A,0.9496057024575664
A,1.3269149420926656
C,1.191521775583355
B,-0.921646312612398
A,0.6767558381031653
C,1.3673261643185115
A,1.0272381703318043
C,0.37262746844050504
A,1.5289385175467403
B,-0.9174412139553526
A,1.1036248548218752
C,1.954036857701921
B,0.23445233138459737
A,1.12534391404503
C,0.6011231747835013
B,1.4109781651671909
B,-1.0403386046533907
A,1.5241232845753387
A,0.587192803693367
A,1.4908147153300277
C,3.6619062394027364
B,-0.07453645317095552
B,-0.09282640981899959
B,0.1109073441969282
C,0.13518170362968124
A,4.32403551216024
C,1.7618240623382093
B,0.837495724913054
A,0.701364096896923
B,0.024425264141522064
C,0.795622780022457
B,-1.1188718972234641
B,0.3533204214860468
A,0.09382234506376702
B,0.8180570655404912
B,-0.3416241751718642
B,-0.16230477150811756
A,0.9932854454798465
A,2.8368603900921965
C,0.7860423153000923
C,0.7462565355009448
C,1.9054278228065022
B,0.3044284403668373
B,0.5719207110001826
B,0.16006966782439164
C,1.4869216582314548
B,0.4127887445601869
C,1.9026175874198414
C,0.4704761152665534
C,0.35076495023467413
C,0.38844301676540655
C,2.008096050325954
C,1.4326549274172644
C,0.8216511919648549
A,1.5760468813778257
A,12.429074405609677
B,0.03277099898719252
A,1.8543540712945332
B,-2.101539160693617
C,0.2568036419763785
A,1.8152385111880665
A,0.3830256494232408
C,0.41743078700280484
C,1.1099564668776987
C,0.14294612165057768
C,6.986094133748496
A,0.6109524422005771
A,1.6623307903961988
C,1.3710285327629361
B,-1.0432489232749704
C,1.3424948396518137
B,-0.21012738991136212
C,1.0025870719818961
C,0.5448066687031348
A,3.209038766778513
B,0.1653681060442242
B,-0.003962352468354085
A,1.7506222840910999
C,1.1371330672949322
C,3.076238004513986
C,0.22491001773200406
B,-0.6945329517723341
A,6.286542834695212
C,0.8259940522158793
A,5.526318713608417
C,3.9678027240712384
A,1.30860999012226
A,1.1176248224417873
A,0.37749401850168485
C,0.6042275701552096
C,1.0955905703804243
A,4.681725868768077
C,0.5663686462647428
C,0.33413608026799774
C,0.5058701557673377
A,0.6929019084737309
A,1.8392856615049746
B,-0.5504647355464526
B,1.2486983065920711
A,2.946913191955187
B,-0.6640389298101769
B,-1.2130124158119968
B,0.7534313312870817
B,1.0484038648678526
B,0.06489378061699236
C,0.1614738114812978
B,-0.8689151957988558
B,2.8954166634129352
B,-0.39968435662908003
A,2.7239154737792917
A,0.716139344540867
A,0.13385502934449398
C,0.6057016785061279
C,4.9625821337140446
A,1.5962478325750928
A,2.6582849384352896
C,1.3512960076983866
A,0.3872952767350949
C,0.6791186804531509
B,-1.9345266243965102
B,1.304019374942911
C,1.0254049026782028
A,0.5565247073572911
B,-2.1279102333702102
A,1.2289691085148358
A,0.6466695334346009
A,1.2875023808531052
C,9.85870102844601
C,1.2550426344121264
B,-0.22487861429166955
A,2.5464063065687386
C,3.4845962444511516
A,4.260336004589668
C,0.630420342542602
A,3.43614379735755
B,2.0852909361843706
A,0.3060719050361954
B,-1.2107690774617945
B,0.3129894217658804
C,0.18613877165226755
C,0.6026871524404148
C,0.7059580779847425
C,2.3577212670196896
C,1.3297832398580178
C,0.4462782962487699
B,-0.4053757376087669
C,1.2375753662714775
B,-0.333354646915249
B,2.8964295457921287
B,1.5496713368557222
B,-0.1060164581175068
A,0.8615246481335814
C,6.245539726676953
C,0.5668479661190996
C,0.9390545926926479
A,11.596209721124339
C,1.4995657327497685
B,-0.11891891960435082
C,0.5198042506338567
A,1.6486457418522678
C,2.5290418040140654
C,1.0758031335221765
B,-1.4030893744156279
C,2.6183866127570807
B,0.11673107464105828
B,2.86929259569098
C,1.8174572546832128
C,3.16464565857174
C,1.5092963757656304
B,-0.23469318837490685
A,1.040699028525313
A,1.7372485999023952
B,-0.6139470315505079
C,3.380059573219809
A,5.77240497572036
C,0.4331182456544981
A,0.37400233311358194
B,-0.6105560120191201
C,0.8536296368346816
B,-0.9659027738775079
C,0.6976088995048274
A,1.2956815716046128
C,0.2142062141547665
C,0.5067056141410958
C,5.365100211247974
C,1.3121606765718703
C,3.960154927682494
A,0.25685492596337517
B,0.7016565618373806
C,0.4917052914886714
C,0.813777884868355
C,0.15464761082723819
C,0.20218633220375506
C,0.7164089151885732
B,0.43368381231361613
B,-1.1761471067064053
A,0.45819984661361474
A,5.183907653610038
B,-0.909859582078461
C,0.5324405580707264
A,1.4706801684700757
B,-0.3134342986834792
C,2.6629522718674856
A,2.4590192665293604
C,0.5445964767645759
C,2.7677880849285947
C,5.545099305487202
C,0.584578724976004
C,0.13948353315782974
B,1.481877307524918
A,0.13172891119057759
B,-0.0554797264784723
A,1.8907132285280328
B,-0.43082709469672037
C,1.126034539085765
B,-0.06745360838752222
A,5.6354672902930085
B,-0.0994753472854072
A,2.7861104456943218
C,1.055755322225121
B,-1.133531188108736
A,0.7209976536905458
C,0.636041678878335
B,-1.2325291384893255
B,0.17456039945768667
B,-0.5124063762575635
A,4.321157537769832
A,0.7942153047831378
B,1.1210784309402728
A,1.9267382764246408
C,0.04678212847752917
B,-0.1557168765048454
A,1.580356338235492
C,1.1012917308909023
B,0.19971745994301535
A,1.3304406350057707
B,-0.5823857649390597
B,0.6062297212521794
A,2.618771873005955
B,-1.1183887200578362
A,0.35349184337102163
B,-1.0864643669617597
B,0.8904816503267929
A,0.5869866259390157
C,2.7035430132143494
C,1.4586369874652372
A,0.30718039989995766
C,2.1638428897360695
C,0.49018527205241585
A,0.8217579469870347
B,0.8990332576446796
B,-1.2041302111224252
C,1.1377535690545542
B,0.42026500179640686
A,0.7107269750904172
C,0.26999391915572857
B,0.8681488079114839
C,1.6787409387691605
A,0.4865528996287369
B,1.6533063737003062
C,1.2031444142189136
A,0.3720070563812566
B,-0.008773994552992192
A,0.31163058607634714
A,0.39100570045643723
A,0.38553233577648904
C,2.9912067826891744
B,3.072257227211108
C,1.4535199501661087
C,0.5858900690881235
C,1.5050821808182475
B,-0.6879330636780919
A,1.4664385212176259
C,1.4701960605970172
A,0.5809016784871652
A,0.7389239515469328
B,0.2587135214644169
A,1.5057557569994406
C,3.77544118644888
A,3.2013335542881856
B,2.240516291026474
A,2.2250231571446815
C,0.8241853570916633
A,3.860928028636549
C,1.3241783589715657
B,1.239457581521443
C,0.1806077955818643
C,0.6366213486450036
C,0.5169803192847828
B,-0.8591458830901844
A,0.4923142675418652
C,3.280482132899675
A,1.99127676178035
B,1.0703262278960155
A,1.770611768232365
B,0.6891616462431148
B,-0.4013929736146035
B,-1.0079771669495365
C,0.3434022995076907
C,2.888686499867284
B,0.09399838468143472
B,-1.4564594727458176
C,0.42559121726857907
A,0.620564562720514
A,0.878130798927424
A,1.7796374534147186
B,-1.877921381611107
A,1.6432467776425947
A,5.458829685002306
A,2.114930734055959
A,2.5458473597499065
A,0.442264615925595
A,0.42958358134532687
A,0.4917349553006177
B,0.17273867466289275
A,0.5913340199711559
B,0.6916916449939847
C,0.4144577226136316
C,0.30983417009133857
B,1.2293013054614215
A,0.6040323721813843
B,-1.5355872431505486
A,0.5011450045811986
C,0.1862416156927837
A,2.529836631139621
B,-0.538203356402037
A,0.5743442072693513
A,0.4899512410370203
B,-1.3155364918472676
C,1.0841107531677725
B,0.7329466048260932
A,3.385586300457656
B,-0.6146183340511839
A,0.3553030665990033
C,0.7523960527648702
A,1.455349396557221
C,1.4980509256690555
B,-1.1658940880425732
C,1.5367059465545692
B,0.27620055555681466
B,-0.5864916094529176
C,3.527878786674535
B,1.9080639832700819
A,4.469750615127439
C,0.46277224256149174
C,0.6574049180807406
B,-1.1415555557621697
B,-1.9021877270160794
A,0.17842206093961008
B,-2.4319017349626537
B,0.5156058531658905
A,1.3498474002715255
B,1.7791861550759445
A,1.2234091154568298
A,0.7287707635678097
B,-0.5721591374721827
B,0.9921441740829311
A,3.855090268975551
B,1.0212223583570699
B,-1.084427811182737
B,-0.23265130731100314
A,2.604607517067704
A,14.196863798312599
C,2.747831579885605
C,0.5923137342881544
C,0.5817567886499436
B,-0.3261054549572283
A,0.5303836556065566
B,-0.6505014168837345
B,-0.7791786934721453
C,3.0730308075053343
C,1.8606775164584184
C,0.4488966764050334
C,0.5106965194331239
C,0.5672078893281846
C,0.2009880418084133
B,-1.1732217784672796
C,1.1798515540914203
B,0.9815447786478838
B,-2.5085187307052967
B,-1.1187917214116925
C,1.3104098223244256
B,0.059462520638065085
B,0.21576738409057752
A,0.11767232314635215
C,0.5307686700621952
C,1.295548140645514
B,1.1116257505523177
A,0.8829678576016213
B,1.8689662364071287
C,0.44403174749519786
B,-1.0580111905275928
C,0.3919090573639418
C,1.0172768557396998
B,-0.40825628640479267
A,0.731294345122017
B,-0.7414351228359117
B,0.10567523159102363
A,1.4821380984599615
B,-0.36395505210462503
A,0.03486654781102936
A,0.8915052043005602
A,2.272040022239344
B,-0.2157351421459014
C,2.770719564336144
C,0.07316423393446891
B,0.2746610778383541
C,1.558282592176747
C,0.8466736007907057
C,1.6445478404940275
A,0.20476731003206472
A,0.06916029990624394
C,1.5724887446873201
B,1.147182590839419
B,-0.6030675853015307
B,0.6592753941842002
A,0.6120510988705499
B,-0.5294279213614848
A,1.2352306690925656
C,0.26888270736601977
C,0.48039137005360316
C,0.4664186752996961
A,1.4464274183334744
B,0.9595493709835493
A,0.6299363885555554
B,0.03937653699321843
C,1.6384313535428578
A,0.3243685498692922
C,1.8466255750600282
B,0.3558215663179383
A,0.15849440270488357
B,0.9953869112582688
B,0.3971149591057621
C,0.09854901071856646
A,5.400965275337637
A,1.2995388591216421
A,4.326450141866958
C,1.9414496380496309
C,0.395587137662436
C,0.5011704657018208
B,0.6900302964642144
A,0.5545180172599367
A,1.6801916203722018
B,0.8648925693362264
C,1.5187208598481041
C,0.9757609488871228
C,1.7027018512275396
C,0.23869893235645584
C,1.5125200659525053
B,0.6167509075925279
B,-0.14673358628430636
C,0.9083297558130412
A,1.9702146474664224
C,1.918725126938685
B,0.8422642205695924
C,0.7246564673209152
C,0.2384703739732314
C,0.4822620781768728
A,3.7463150909771348
A,8.333114676443921
C,0.1338234659791889
